,Repository,Forks,avg_grade,Correlation
0,parser,188,0.02227272727272727,-0.07730041057058801
1,meta-smalltalk,1,0.0892116182572614,-0.07730041057058801
2,wireless-TCP-caching,0,0.03125,-0.07730041057058801
3,FSCrypto,0,0.2857142857142857,-0.07730041057058801
4,ncbo_annotator,12,0.09333333333333334,-0.07730041057058801
5,Catalan.jl,5,0.06456456456456455,-0.07730041057058801
6,KataEight,0,0.25925925925925924,-0.07730041057058801
7,LAB-Mo-Tester,11,0.13043478260869565,-0.07730041057058801
8,tf-mapper,0,0.19886363636363635,-0.07730041057058801
9,BPlusTrees,0,0.29545454545454547,-0.07730041057058801
10,TrackzFunkyIdeaz,0,0.11842105263157894,-0.07730041057058801
11,SASP-Project,0,0.39814814814814814,-0.07730041057058801
12,old.blog,50,0.04,-0.07730041057058801
13,SpreadSheetTableView,2,0.2,-0.07730041057058801
14,shortcapri,1,0.1656441717791411,-0.07730041057058801
15,chewy-cmake-rep,0,0.12643678160919541,-0.07730041057058801
16,Cellule,2,0.23750000000000002,-0.07730041057058801
17,CP-Project,0,0.16783216783216784,-0.07730041057058801
18,dancingball,1,0.4375,-0.07730041057058801
19,TCL-Eggdrop,17,0.03587443946188341,-0.07730041057058801
20,gpio,1,0.22058823529411764,-0.07730041057058801
21,HSR.modules.SMS.project.Hardrock,0,0.17391304347826086,-0.07730041057058801
22,385FinalProject,0,0.072992700729927,-0.07730041057058801
23,hackfoldr,145,0.3165137614678899,-0.07730041057058801
24,elcano,69,0.11878453038674033,-0.07730041057058801
25,cug2013-torque,0,0.4098360655737705,-0.07730041057058801
26,project,0,0.10144927536231885,-0.07730041057058801
27,Portable-VirtualBox,209,0.07939508506616258,-0.07730041057058801
28,transit,0,0.1511627906976744,-0.07730041057058801
29,monkey-utf8,1,0.0136986301369863,-0.07730041057058801
30,veggtrafikant,0,0.20481927710843373,-0.07730041057058801
31,PlantSimLab,0,,-0.07730041057058801
32,bin,0,0.0,-0.07730041057058801
33,rebolbot,6,0.3425925925925926,-0.07730041057058801
34,Cours-Python,1,0.42899408284023666,-0.07730041057058801
35,ClusteringAdequation,0,0.043478260869565216,-0.07730041057058801
36,dbclass-exercises,32,0.6956521739130435,-0.07730041057058801
37,Basys2,1,0.12025316455696203,-0.07730041057058801
38,FluentSQL,1,0.13793103448275862,-0.07730041057058801
39,demo-postgresql-php,4,0.2777777777777778,-0.07730041057058801
40,dklang,12,0.19960474308300397,-0.07730041057058801
41,hinitiality,1,0.15476190476190477,-0.07730041057058801
42,ar-epp-extensions,1,0.0925414364640884,-0.07730041057058801
43,RealTimeCoordinationLibrary,4,0.12222222222222222,-0.07730041057058801
44,File-HomeDir,4,0.3057324840764331,-0.07730041057058801
45,test,0,0.7142857142857143,-0.07730041057058801
46,SynWrite,18,0.19491525423728814,-0.07730041057058801
47,registration-plates,1,0.0645933014354067,-0.07730041057058801
48,Pulsum-Plantae,20,0.0,-0.07730041057058801
49,con_cache,58,0.05533980582524271,-0.07730041057058801
50,design-b,1,0.6086956521739131,-0.07730041057058801
51,glowing-lana,0,0.15730337078651685,-0.07730041057058801
52,LAB8,0,0.19101123595505617,-0.07730041057058801
53,juliaparsec,1,0.140625,-0.07730041057058801
54,introducao-a-programacao-livro,18,0.1,-0.07730041057058801
55,swingame,8,0.17083333333333334,-0.07730041057058801
56,UOAuthClient,0,0.058695652173913045,-0.07730041057058801
57,ssdn_puredata,0,0.6234567901234568,-0.07730041057058801
58,3D_Models,102,0.334319526627219,-0.07730041057058801
59,sf-building,1,0.39285714285714285,-0.07730041057058801
60,activity-visualizer,1,0.4551282051282052,-0.07730041057058801
61,quality-tree,0,0.4166666666666667,-0.07730041057058801
62,wasabi,59,0.04225908372827804,-0.07730041057058801
63,draw,2,0.26490825688073394,-0.07730041057058801
64,lasso-oauth,1,0.5,-0.07730041057058801
65,ada-fuse,3,0.10526315789473684,-0.07730041057058801
66,RCUDA,10,0.18840579710144928,-0.07730041057058801
67,journal2ebook,10,0.10151515151515152,-0.07730041057058801
68,ExpertSystem,0,0.17567567567567569,-0.07730041057058801
69,Mosfets,0,0.3894736842105263,-0.07730041057058801
70,UART_module,0,0.5,-0.07730041057058801
71,landsat-downloader,4,0.08904109589041095,-0.07730041057058801
72,textbook-generator,0,0.24285714285714283,-0.07730041057058801
73,BluetoothControl,0,0.1440329218106996,-0.07730041057058801
74,CHClanChat,2,0.14803625377643503,-0.07730041057058801
75,Otium-OS,0,0.2692307692307692,-0.07730041057058801
76,postJSON.gs,1,,-0.07730041057058801
77,vala-magento,0,0.3695652173913043,-0.07730041057058801
78,readback,0,0.2830188679245283,-0.07730041057058801
79,SimJulia.jl,35,0.020958083832335328,-0.07730041057058801
80,solMakerMKII,1,0.40350877192982454,-0.07730041057058801
81,rust-lua,2,0.0,-0.07730041057058801
82,WinFF,0,0.14488636363636365,-0.07730041057058801
83,pettil,3,0.0,-0.07730041057058801
84,FlashPlayer,0,0.3661971830985915,-0.07730041057058801
85,m3u,1,0.21666666666666667,-0.07730041057058801
86,audit-trigger,212,0.06201550387596899,-0.07730041057058801
87,curecode,4,0.5684210526315789,-0.07730041057058801
88,notes,0,0.125,-0.07730041057058801
89,osc.io,0,0.4642857142857143,-0.07730041057058801
90,GSL.jl,28,0.256198347107438,-0.07730041057058801
91,LizViz,0,0.38596491228070173,-0.07730041057058801
92,Rcompression,6,0.4672131147540983,-0.07730041057058801
93,7squared,0,0.3090909090909091,-0.07730041057058801
94,ns2stats_web_source,1,0.14367816091954022,-0.07730041057058801
95,e100,0,0.09358288770053476,-0.07730041057058801
96,fots-basex,4,0.3275862068965517,-0.07730041057058801
97,SimpleOS-v2,0,0.22784810126582278,-0.07730041057058801
98,strands,0,0.31690140845070425,-0.07730041057058801
99,Hello-World,0,,-0.07730041057058801
100,autovala,15,0.05634920634920634,-0.07730041057058801
101,cleanSWF,1,0.5,-0.07730041057058801
102,Kelm,0,0.07936507936507936,-0.07730041057058801
103,ai,2,0.23484848484848486,-0.07730041057058801
104,ECE437-MIPS-cached-processor,0,0.11904761904761904,-0.07730041057058801
105,ECE437-MIPS-pipelined-processor,1,0.5238095238095238,-0.07730041057058801
106,ECE437-MIPS-single-cycle-processor,1,0.09523809523809523,-0.07730041057058801
107,laweasyread-data,2,0.2567567567567568,-0.07730041057058801
108,Intersection,2,0.44666666666666666,-0.07730041057058801
109,pandabrew,1,0.37755102040816324,-0.07730041057058801
110,sfdc-kc,0,0.10344827586206896,-0.07730041057058801
111,0xVim,1,0.06397306397306397,-0.07730041057058801
112,usbHid1769,0,0.32183908045977017,-0.07730041057058801
113,funKTionale,69,0.08560311284046693,-0.07730041057058801
114,MixedModels.jl,45,0.202991452991453,-0.07730041057058801
115,auxos-ros-pkg,0,0.10687022900763359,-0.07730041057058801
116,apple_scripts,6,0.12465373961218837,-0.07730041057058801
117,OpenPics,16,0.2391304347826087,-0.07730041057058801
118,Cappucino-Test-ArrayController1,0,0.13432835820895522,-0.07730041057058801
119,Quandl.jl,33,0.3493975903614458,-0.07730041057058801
120,MPFR.jl,1,0.11290322580645162,-0.07730041057058801
121,image_adapter,0,,-0.07730041057058801
122,MD_workflow,13,0.6,-0.07730041057058801
123,Dist-Zilla-PluginBundle-RJBS,6,0.09515570934256055,-0.07730041057058801
124,netpred,2,0.4215686274509804,-0.07730041057058801
125,gr-fcdproplus,18,0.17666666666666667,-0.07730041057058801
126,resonate13_kirnshop,0,0.1568627450980392,-0.07730041057058801
127,pindel,87,0.3162393162393162,-0.07730041057058801
128,rygel,11,0.08301158301158301,-0.07730041057058801
129,puremvc-haxe-multicore-framework,7,0.16265060240963855,-0.07730041057058801
130,ndyacclex,17,0.43037974683544306,-0.07730041057058801
131,GeoAlg.jl,5,0.5660377358490566,-0.07730041057058801
132,thinker,0,0.1111111111111111,-0.07730041057058801
133,shocksInBurgersEquation,0,0.41818181818181815,-0.07730041057058801
134,sc_periph,5,0.282258064516129,-0.07730041057058801
135,JADA_Tech-ENGR100,1,,-0.07730041057058801
136,lovebeat,8,0.06233766233766234,-0.07730041057058801
137,sawfish,26,0.04010416666666666,-0.07730041057058801
138,Si4707_Breakout,12,0.45901639344262296,-0.07730041057058801
139,WWDCNotify,1,0.07758620689655173,-0.07730041057058801
140,ADT,5,0.08948863636363637,-0.07730041057058801
141,cm_device_rockchip_rk2918,1,0.875,-0.07730041057058801
142,Asteroids_Vala,1,0.22395833333333331,-0.07730041057058801
143,puremvc-haxe-util-async-stub,1,0.1935483870967742,-0.07730041057058801
144,ElectricalEnergyStorage,14,0.21685254027261464,-0.07730041057058801
145,openni_launch,25,0.0784313725490196,-0.07730041057058801
146,numbapro-examples,93,0.13592233009708737,-0.07730041057058801
147,Clannad_VN_Flowcharts,4,0.2701612903225806,-0.07730041057058801
148,metalib,21,0.2265625,-0.07730041057058801
149,puremvc-haxe-demo-xinf-stopwatch,1,0.22580645161290322,-0.07730041057058801
150,tcl-misc,0,0.250996015936255,-0.07730041057058801
151,g33k,157,0.016129032258064516,-0.07730041057058801
152,Autofacto,0,0.25,-0.07730041057058801
153,Test-Differences,8,0.13613861386138615,-0.07730041057058801
154,q3,24,0.41891891891891897,-0.07730041057058801
155,WarehousePhone,6,0.12280701754385964,-0.07730041057058801
156,LAB-Streaming-API-Demo,1,0.5,-0.07730041057058801
157,openshift-neko-nginx,2,0.19672131147540983,-0.07730041057058801
158,sdram_controller,2,0.35995085995085996,-0.07730041057058801
159,railway-validator,1,0.28481012658227844,-0.07730041057058801
160,WordPerfect,1,,-0.07730041057058801
161,lingex,8,0.23076923076923078,-0.07730041057058801
162,glfw-rs,115,0.4397163120567376,-0.07730041057058801
163,currentlyPlaying,0,0.09507042253521127,-0.07730041057058801
164,salesforceApp,0,,-0.07730041057058801
165,tode,16,0.2359375,-0.07730041057058801
166,p6-IO-Path-More,4,0.15694444444444444,-0.07730041057058801
167,PAsty-Bridge,0,0.1074074074074074,-0.07730041057058801
168,angular-gestures,105,0.2751937984496124,-0.07730041057058801
169,gntp-plugin,0,0.39622641509433965,-0.07730041057058801
170,mtocoq,0,0.19230769230769232,-0.07730041057058801
171,max_package_downloader,7,0.42079207920792083,-0.07730041057058801
172,WasteWater,34,0.24786324786324787,-0.07730041057058801
173,larceny,29,0.33333333333333337,-0.07730041057058801
174,docs,27,0.11219512195121951,-0.07730041057058801
175,AutoHotKey,2,0.2588235294117647,-0.07730041057058801
176,xpressada,0,0.6170212765957447,-0.07730041057058801
177,Alfred-WorkFlows,8,0.1095890410958904,-0.07730041057058801
178,Spot,4,0.4189189189189189,-0.07730041057058801
179,FilmRedux,1,0.38392857142857145,-0.07730041057058801
180,sandbox,0,0.3939393939393939,-0.07730041057058801
181,nested,4,0.1865671641791045,-0.07730041057058801
182,bakkabot,1,0.19133333333333333,-0.07730041057058801
183,Synthesizer,0,0.16483516483516483,-0.07730041057058801
184,gtkimageview,0,0.6764705882352942,-0.07730041057058801
185,SeasonHunter,0,0.5490196078431373,-0.07730041057058801
186,CLIP,11,0.15301724137931033,-0.07730041057058801
187,ws_fnc,5,0.15705128205128205,-0.07730041057058801
188,Grim-Fandango-Setup-and-Launcher,2,0.5026595744680851,-0.07730041057058801
189,adobe-blank,12,0.16666666666666666,-0.07730041057058801
190,illucia_dtr,10,0.1780821917808219,-0.07730041057058801
191,Push,2,0.14565217391304347,-0.07730041057058801
192,Balanduino,98,0.0824022346368715,-0.07730041057058801
193,ops-platform-setup,4,0.14792899408284024,-0.07730041057058801
194,rose_backup,2,0.5,-0.07730041057058801
195,visages-superproject,4,0.15384615384615385,-0.07730041057058801
196,HaxePunk-UI,5,0.06818181818181818,-0.07730041057058801
197,bats-dev,0,0.35964912280701755,-0.07730041057058801
198,key-defender,0,0.4444444444444444,-0.07730041057058801
199,ceylon-hands-on,0,0.5,-0.07730041057058801
200,bitcoin_arbitrage,17,0.30666666666666664,-0.07730041057058801
201,uboot,11,0.177007299270073,-0.07730041057058801
202,Unstack2,2,0.26521739130434785,-0.07730041057058801
203,firefly-ice-electronics,1,0.24,-0.07730041057058801
204,bf,1,0.18604651162790697,-0.07730041057058801
205,nu-postgresql,5,0.05970149253731343,-0.07730041057058801
206,motionsplan_exercise_program,0,0.1885245901639344,-0.07730041057058801
207,neptune,2,0.18518518518518517,-0.07730041057058801
208,GoogleCharts.jl,7,0.07547169811320754,-0.07730041057058801
209,vhdlstuff,4,0.10526315789473684,-0.07730041057058801
210,MobiWare,2,0.05376344086021505,-0.07730041057058801
211,SCSocket,0,0.85,-0.07730041057058801
212,benchmarks_kt,1,0.05583756345177665,-0.07730041057058801
213,meta-linaro,1,0.11943620178041543,-0.07730041057058801
214,io-stuff,0,0.8,-0.07730041057058801
215,the-wiki,2,0.32038834951456313,-0.07730041057058801
216,tarbz2.com,1,0.10374149659863946,-0.07730041057058801
217,autotrace,0,0.3877551020408163,-0.07730041057058801
218,ns2-tcp-performance,5,,-0.07730041057058801
219,webdev-env,0,0.5869565217391305,-0.07730041057058801
220,hygdrop,6,0.17793367346938777,-0.07730041057058801
221,tictactoe,0,0.09706959706959707,-0.07730041057058801
222,aoSpider,0,0.1173469387755102,-0.07730041057058801
223,PowerSystems,32,0.11837455830388692,-0.07730041057058801
224,rhawk,1,0.19718309859154928,-0.07730041057058801
225,TradingSystem.jl,2,0.2647058823529412,-0.07730041057058801
226,Get2Search,1,0.5,-0.07730041057058801
227,SearchProviders,0,0.4444444444444444,-0.07730041057058801
228,playground-factor,4,0.14736842105263157,-0.07730041057058801
229,rssReader,0,0.16083916083916083,-0.07730041057058801
230,autohotkey-obfuscator,24,0.5441176470588236,-0.07730041057058801
231,cf-primer,6,0.19343065693430656,-0.07730041057058801
232,decimex,3,0.20588235294117646,-0.07730041057058801
233,cleboundaries,1,0.3670886075949367,-0.07730041057058801
234,BangYourHead,9,0.28102189781021897,-0.07730041057058801
235,StoreConnect,1,0.29032258064516125,-0.07730041057058801
236,wolfhbot,4,0.1590909090909091,-0.07730041057058801
237,Bitcoin-24-Apps-Script,0,0.7777777777777778,-0.07730041057058801
238,Web-App-Ballet,4,0.08591549295774648,-0.07730041057058801
239,opa-reactive-demos,1,0.3148148148148148,-0.07730041057058801
240,applescripts,8,0.2857142857142857,-0.07730041057058801
241,raingcal,0,0.0,-0.07730041057058801
242,Addons_Recent_Updates,2,0.1116751269035533,-0.07730041057058801
243,gobot,1,0.19047619047619047,-0.07730041057058801
244,conserve,14,0.11813186813186813,-0.07730041057058801
245,CAVEAT,0,0.2,-0.07730041057058801
246,ml-skos,0,0.19811320754716982,-0.07730041057058801
247,PersistentAda,2,0.5,-0.07730041057058801
248,programming-in-livescript,0,0.2142857142857143,-0.07730041057058801
249,Prime_Numbers,0,0.24193548387096775,-0.07730041057058801
250,ludum-dare-26,0,0.325,-0.07730041057058801
251,microelec,2,0.2533783783783784,-0.07730041057058801
252,margarita,9,0.1285140562248996,-0.07730041057058801
253,configs,0,0.24468085106382978,-0.07730041057058801
254,pharo-ci,2,0.2782608695652174,-0.07730041057058801
255,policyman,0,0.5555555555555556,-0.07730041057058801
256,gervaise_quart_livre_de_danceries,1,0.16025641025641024,-0.07730041057058801
257,vhdl,0,0.45070422535211263,-0.07730041057058801
258,Hover_the_Brainbow,2,0.12,-0.07730041057058801
259,dartlang-bzip2,1,0.15,-0.07730041057058801
260,forth-cpu,21,0.08867479355092411,-0.07730041057058801
261,openscad,4,0.0945945945945946,-0.07730041057058801
262,avalanche,3,0.15591397849462366,-0.07730041057058801
263,BreakoutBoards,0,0.4430379746835443,-0.07730041057058801
264,iPython_Notebook,1,0.2796610169491526,-0.07730041057058801
265,tkhostman,0,0.45555555555555555,-0.07730041057058801
266,klaxon,124,0.12369337979094076,-0.07730041057058801
267,lc3ide,1,0.12690355329949238,-0.07730041057058801
268,tapsterbot,103,0.20212765957446807,-0.07730041057058801
269,rust-magickwand,0,0.2151898734177215,-0.07730041057058801
270,jr1,0,0.0916030534351145,-0.07730041057058801
271,bo-ios,0,0.3181818181818182,-0.07730041057058801
272,highlow,0,0.23880597014925373,-0.07730041057058801
273,mypaper,1,0.2857142857142857,-0.07730041057058801
274,viscosity,1,0.49193548387096775,-0.07730041057058801
275,perft_gpu,2,0.2562674094707521,-0.07730041057058801
276,fugu-pass,1,0.38461538461538464,-0.07730041057058801
277,Iliwi,2,0.2767857142857143,-0.07730041057058801
278,ada-Stopwatch,3,1.0,-0.07730041057058801
279,rep_scala,0,0.7058823529411765,-0.07730041057058801
280,logging-annotation,2,0.6,-0.07730041057058801
281,process-explorer,5,0.3620689655172414,-0.07730041057058801
282,software-foundations,6,0.3225806451612903,-0.07730041057058801
283,oe-core,3,0.05377008652657602,-0.07730041057058801
284,hector_models,47,0.2947368421052632,-0.07730041057058801
285,bfunc1,0,0.034482758620689655,-0.07730041057058801
286,jast,1,0.1568627450980392,-0.07730041057058801
287,twhgis,1,0.1797752808988764,-0.07730041057058801
288,xilinx2,0,0.10784313725490195,-0.07730041057058801
289,aster,0,0.3283582089552239,-0.07730041057058801
290,PongProject,0,0.22033898305084745,-0.07730041057058801
291,Pixelshop,0,0.5333333333333333,-0.07730041057058801
292,piggdSmeltScrapMetal2.1,1,0.11304347826086958,-0.07730041057058801
293,salt-states,2,0.26,-0.07730041057058801
294,DesktopSearch,0,0.027522935779816515,-0.07730041057058801
295,licenses,1,0.22950819672131148,-0.07730041057058801
296,carousel,6,0.35714285714285715,-0.07730041057058801
297,bertha,1,0.10963455149501661,-0.07730041057058801
298,lapiswiki,1,0.3333333333333333,-0.07730041057058801
299,techgi,0,0.3382352941176471,-0.07730041057058801
300,Frogger3.85,1,,-0.07730041057058801
301,ellihandler,3,0.12962962962962962,-0.07730041057058801
302,meta-exosense,2,0.25,-0.07730041057058801
303,rust-experiments,0,0.1650943396226415,-0.07730041057058801
304,hogs,0,0.1597222222222222,-0.07730041057058801
305,MIPS32,8,0.2289156626506024,-0.07730041057058801
306,mztx06a,16,0.06451612903225806,-0.07730041057058801
307,arXiv-fetcher,0,0.13214285714285712,-0.07730041057058801
308,bash,0,0.16981132075471697,-0.07730041057058801
309,SLAE32,0,0.14814814814814814,-0.07730041057058801
310,SCR,0,0.2961165048543689,-0.07730041057058801
311,ampro,1,0.25862068965517243,-0.07730041057058801
312,CGRASP.jl,4,0.4666666666666667,-0.07730041057058801
313,fpw,0,0.1875,-0.07730041057058801
314,vDome-max,1,0.15555555555555556,-0.07730041057058801
315,apex-utils,1,0.14935064935064934,-0.07730041057058801
316,Pentax-S5z-LED-ring,0,0.3041237113402062,-0.07730041057058801
317,limioptic,0,0.19696969696969696,-0.07730041057058801
318,Mandelbrot-VHDL,2,0.12,-0.07730041057058801
319,CSS-Grammar-raku,5,0.2833333333333333,-0.07730041057058801
320,dicp,0,0.375,-0.07730041057058801
321,grammar-julia,0,0.1746031746031746,-0.07730041057058801
322,Curvelet.jl,7,0.09722222222222222,-0.07730041057058801
323,JSON.awk,78,0.021769177608845888,-0.07730041057058801
324,kanto,0,0.21982758620689655,-0.07730041057058801
325,cachemoney,0,0.2535211267605634,-0.07730041057058801
326,storyteller,9,0.2857142857142857,-0.07730041057058801
327,learning_coqt,0,0.6666666666666666,-0.07730041057058801
328,plagel.io,0,0.6136363636363636,-0.07730041057058801
329,spec.io,0,0.2857142857142857,-0.07730041057058801
330,hyakuman_no_kiseki,0,0.5,-0.07730041057058801
331,Pivotal,5,0.25862068965517243,-0.07730041057058801
332,forensics-research,0,0.15873015873015872,-0.07730041057058801
333,PHYS20213,0,0.22058823529411764,-0.07730041057058801
334,kotlin-workshop,1,0.7,-0.07730041057058801
335,vntnew,0,0.35714285714285715,-0.07730041057058801
336,android-hackabot-cad,0,0.15942028985507245,-0.07730041057058801
337,v1.pirhoo.com,0,0.275,-0.07730041057058801
338,IntroToApexLondon2013,1,0.3617021276595745,-0.07730041057058801
339,DeleteThisRepo,1,0.5,-0.07730041057058801
340,PHYS202-S13,0,0.07894736842105263,-0.07730041057058801
341,exjobb,0,0.29896907216494845,-0.07730041057058801
342,CSP-X10,0,0.2247191011235955,-0.07730041057058801
343,packin,0,0.24705882352941178,-0.07730041057058801
344,WingFly-Shield,3,1.0,-0.07730041057058801
345,etc,0,0.20989761092150172,-0.07730041057058801
346,mirror-shard,3,0.11044176706827309,-0.07730041057058801
347,sw_foc_motor_control,9,0.3828125,-0.07730041057058801
348,Luanda,0,0.4383561643835616,-0.07730041057058801
349,Flux_PD,0,0.05333333333333334,-0.07730041057058801
350,amuse,89,0.08306709265175719,-0.07730041057058801
351,string-clustering,0,0.1506849315068493,-0.07730041057058801
352,KaraPlugin,0,0.16304347826086957,-0.07730041057058801
353,aule,0,0.034545454545454546,-0.07730041057058801
354,GoogleAppsScript,0,0.08035714285714285,-0.07730041057058801
355,elixir-operators,1,0.1,-0.07730041057058801
356,ccsltsnp2013,0,0.16468253968253968,-0.07730041057058801
357,electricimp-nRF24L01,0,0.1453488372093023,-0.07730041057058801
358,neurlang,24,0.19101123595505617,-0.07730041057058801
359,Arduino-Project,0,0.24489795918367346,-0.07730041057058801
360,pcb,0,0.42105263157894735,-0.07730041057058801
361,agda-miscellanea,1,0.25,-0.07730041057058801
362,makeroot,0,0.0790960451977401,-0.07730041057058801
363,phd-experiments,0,0.5102040816326531,-0.07730041057058801
364,elixir-oop,2,0.3191489361702128,-0.07730041057058801
365,ad4julia,2,0.013071895424836602,-0.07730041057058801
366,ex_doc,261,0.04145408163265306,-0.07730041057058801
367,PySide.jl,6,0.282258064516129,-0.07730041057058801
368,iopackage,2,0.2,-0.07730041057058801
369,xqiv,0,0.20238095238095238,-0.07730041057058801
370,Rtorrent-Auto-Install,115,0.14400000000000002,-0.07730041057058801
371,moonshot-ui,1,0.08916083916083917,-0.07730041057058801
372,uvm-utest,1,0.29000000000000004,-0.07730041057058801
373,7l7w-io,0,0.35526315789473684,-0.07730041057058801
374,studies,1,0.6545454545454545,-0.07730041057058801
375,PSGI,7,0.09065155807365438,-0.07730041057058801
376,sourcemod-huntsman-hell,0,0.1254295532646048,-0.07730041057058801
377,arpm,0,0.11146496815286625,-0.07730041057058801
378,jphiz,0,0.3602941176470589,-0.07730041057058801
379,jira-status-board,5,1.0,-0.07730041057058801
380,system_F_sub,0,0.297979797979798,-0.07730041057058801
381,ruby-ohai,0,0.136986301369863,-0.07730041057058801
382,kitlogisticsweb,0,0.0,-0.07730041057058801
383,FLOP,0,0.1328125,-0.07730041057058801
384,dfuw-ahk,0,0.1942675159235669,-0.07730041057058801
385,shotwell,0,0.09316770186335403,-0.07730041057058801
386,pinspect,0,0.43636363636363634,-0.07730041057058801
387,north-american-scum,0,0.16666666666666666,-0.07730041057058801
388,Smalltalk-Design-Patterns-Assignments,0,0.3089887640449438,-0.07730041057058801
389,jingle_jangle,0,0.12962962962962962,-0.07730041057058801
390,gputools,33,0.11363636363636363,-0.07730041057058801
391,pixelboard,1,0.3125,-0.07730041057058801
392,TAO-GL,0,0.0436241610738255,-0.07730041057058801
393,beatbox,1,0.23333333333333334,-0.07730041057058801
394,books,1,0.03125,-0.07730041057058801
395,Tiny-AVR-Programmer,21,0.16483516483516483,-0.07730041057058801
396,ld-decode,37,0.07142857142857142,-0.07730041057058801
397,Wombat_scripts,1,0.2692307692307693,-0.07730041057058801
398,pd-tools,0,0.3064516129032258,-0.07730041057058801
399,glfo,0,0.4,-0.07730041057058801
400,buildroot-2012.11-ab,0,0.16666666666666666,-0.07730041057058801
401,crystal,0,0.19791666666666666,-0.07730041057058801
402,3D-parts,35,0.21739130434782608,-0.07730041057058801
403,MooX-Aliases,1,0.41836734693877553,-0.07730041057058801
404,Mini-project_in_Databases,0,0.1388888888888889,-0.07730041057058801
405,svnbranch,0,0.5,-0.07730041057058801
406,rust-graph,0,0.5,-0.07730041057058801
407,rust-bson,0,0.5454545454545454,-0.07730041057058801
408,erm,1,0.09574468085106383,-0.07730041057058801
409,rajmak.wordpress.com,16,0.11409395973154363,-0.07730041057058801
410,hard-cv,41,0.5,-0.07730041057058801
411,christmas-carols,8,0.1183206106870229,-0.07730041057058801
412,rust-codecs,2,0.48484848484848486,-0.07730041057058801
413,lilypond-songs,3,0.14285714285714285,-0.07730041057058801
414,tcl_exceptions,1,0.5,-0.07730041057058801
415,Maya_Tools,19,0.15833333333333333,-0.07730041057058801
416,vlogdump,7,0.12980769230769232,-0.07730041057058801
417,hx-signals,0,0.34328358208955223,-0.07730041057058801
418,state-space-model,0,0.29577464788732394,-0.07730041057058801
419,Xtend-utils,0,0.1590909090909091,-0.07730041057058801
420,shookai.org.nginx.conf,1,0.2857142857142857,-0.07730041057058801
421,Gtk-Installer,2,0.3041237113402062,-0.07730041057058801
422,mercury-json,3,0.15938303341902316,-0.07730041057058801
423,coq-fp,1,0.023465703971119134,-0.07730041057058801
424,eagle,1,0.09840425531914894,-0.07730041057058801
425,perl-Text-ANSITable,2,0.22368421052631576,-0.07730041057058801
426,brain-art,0,0.1,-0.07730041057058801
427,FunctionalCollections.jl,35,0.03196022727272727,-0.07730041057058801
428,candidacy-exam,1,0.32608695652173914,-0.07730041057058801
429,ExpressionUtils.jl,3,0.7931034482758621,-0.07730041057058801
430,FunctionalUtils.jl,6,0.09836065573770492,-0.07730041057058801
431,MiracleBerries,0,0.5,-0.07730041057058801
432,ValueDispatch.jl,3,0.5,-0.07730041057058801
433,rust-llvm,0,0.3888888888888889,-0.07730041057058801
434,cmake-font-lock,5,0.3559322033898305,-0.07730041057058801
435,svlad2,1,0.15492957746478872,-0.07730041057058801
436,DateTime-Format,16,0.17032967032967034,-0.07730041057058801
437,vlab_memoize,0,0.24,-0.07730041057058801
438,SocialPoint,0,0.11235955056179775,-0.07730041057058801
439,plowman,1,0.39230769230769236,-0.07730041057058801
440,nme_download_file_example,0,0.05714285714285714,-0.07730041057058801
441,button-masher,0,0.3382352941176471,-0.07730041057058801
442,tensor,4,0.34615384615384615,-0.07730041057058801
443,dwt,1,0.3076923076923077,-0.07730041057058801
444,neerogi,4,0.42391304347826086,-0.07730041057058801
445,PS2_preference_form,2,0.7,-0.07730041057058801
446,CPP,0,0.5,-0.07730041057058801
447,debug,0,0.1196319018404908,-0.07730041057058801
448,puttyCluster,7,0.21311475409836064,-0.07730041057058801
449,URLParse.jl,2,0.16546762589928057,-0.07730041057058801
450,Sparki,41,0.06021505376344086,-0.07730041057058801
451,dotfiles,0,0.044563279857397504,-0.07730041057058801
452,EasyAnimTool,0,0.1404494382022472,-0.07730041057058801
453,Datetime-Math,7,0.13711911357340723,-0.07730041057058801
454,klvm,1,0.16129032258064516,-0.07730041057058801
455,appleScript,0,0.46153846153846156,-0.07730041057058801
456,WhoDoTheyServe.com,13,0.4117647058823529,-0.07730041057058801
457,dspunit,1,0.20812182741116753,-0.07730041057058801
458,SolarStud,0,0.7348484848484849,-0.07730041057058801
459,octopus,1,0.07415730337078652,-0.07730041057058801
460,nccoex,1,0.15030674846625766,-0.07730041057058801
461,hatnote.com,0,0.20224719101123595,-0.07730041057058801
462,hi-rezclimate,1,0.6626506024096386,-0.07730041057058801
463,mlworks,18,0.2358974358974359,-0.07730041057058801
464,PopR,2,0.15625,-0.07730041057058801
465,DStyles,1,0.46621621621621623,-0.07730041057058801
466,training,0,0.2,-0.07730041057058801
467,rscr,0,0.16666666666666666,-0.07730041057058801
468,A-Scholar-In-The-Woods,0,0.15476190476190477,-0.07730041057058801
469,LibreOffice-Colors,2,0.5,-0.07730041057058801
470,kuberam,2,0.4794520547945205,-0.07730041057058801
471,2D-infinite-map,1,0.23563218390804597,-0.07730041057058801
472,rust-test,0,0.5,-0.07730041057058801
473,tiny_tiny_rss-openshift-quickstart,23,0.09651898734177215,-0.07730041057058801
474,UnityThirdPersonTutorial,193,0.11057692307692307,-0.07730041057058801
475,calc_LZC,0,0.13970588235294118,-0.07730041057058801
476,distributed-data-structures,2,0.19318181818181818,-0.07730041057058801
477,VideoCtrl,0,0.13719512195121952,-0.07730041057058801
478,NanoKontrol.sc,6,0.29508196721311475,-0.07730041057058801
479,bedrock-examples,0,0.22535211267605634,-0.07730041057058801
480,virtaus,0,0.32978723404255317,-0.07730041057058801
481,ciclop,0,0.537037037037037,-0.07730041057058801
482,remake,6,0.17850287907869483,-0.07730041057058801
483,SymPy.jl,1,0.22453703703703703,-0.07730041057058801
484,Tigpiler,10,0.18382352941176472,-0.07730041057058801
485,SuperCollider_Tutorials,8,0.12162162162162163,-0.07730041057058801
486,kaosslicer,0,0.072,-0.07730041057058801
487,draino,0,0.14035087719298245,-0.07730041057058801
488,exdatetime,0,0.3076923076923077,-0.07730041057058801
489,RustMatrices,0,0.5,-0.07730041057058801
490,tracer_sample,0,0.75,-0.07730041057058801
491,study,2,0.2631578947368421,-0.07730041057058801
492,Charta,0,0.17142857142857143,-0.07730041057058801
493,fixjava,0,0.19047619047619047,-0.07730041057058801
494,CUDoom,0,0.0728476821192053,-0.07730041057058801
495,SCRepo,0,0.20754716981132076,-0.07730041057058801
496,nim-locale,3,0.375,-0.07730041057058801
497,time_break_down,0,0.22171945701357465,-0.07730041057058801
498,ath10k-firmware,244,0.13090909090909092,-0.07730041057058801
499,FeedTheMonkey,19,0.21200980392156865,-0.07730041057058801
500,pequerrechos,1,0.09595959595959595,-0.07730041057058801
501,VHDL,2,0.3,-0.07730041057058801
502,SimpleMCMC.jl,1,0.34507042253521125,-0.07730041057058801
503,ci,1,0.19548872180451127,-0.07730041057058801
504,SimpleSDHC,9,0.09375,-0.07730041057058801
505,samp-lib-3dmenu,2,0.05092592592592592,-0.07730041057058801
506,bricabrac,0,0.4748201438848921,-0.07730041057058801
507,meta-gstreamer1.0,250,0.33175355450236965,-0.07730041057058801
508,Rocket-Launcher,1,0.03225806451612903,-0.07730041057058801
509,kotbuilder,0,0.2545454545454545,-0.07730041057058801
510,nodejs-portable,57,0.025289017341040464,-0.07730041057058801
511,aad-scripts,0,0.08448753462603878,-0.07730041057058801
512,aietes,0,0.15159574468085107,-0.07730041057058801
513,datos-indexer,0,0.2882882882882883,-0.07730041057058801
514,scala-learning,0,0.04326923076923077,-0.07730041057058801
515,OpenILDA,13,0.10655737704918032,-0.07730041057058801
516,kake,0,0.19298245614035087,-0.07730041057058801
517,CRAHN_examples,4,0.5,-0.07730041057058801
518,jklmouse,3,0.23404255319148937,-0.07730041057058801
519,atomicity,0,0.11445783132530121,-0.07730041057058801
520,coinchanger_elixir,0,0.3333333333333333,-0.07730041057058801
521,vimfiles,0,0.2866666666666667,-0.07730041057058801
522,IGraphR,4,0.2635135135135135,-0.07730041057058801
523,ezeShaderSuite,3,0.23170731707317072,-0.07730041057058801
524,LilyPad_MP3_Player,32,0.026170798898071626,-0.07730041057058801
525,ooc-mxml,0,0.22569444444444442,-0.07730041057058801
526,slidesync,0,0.152,-0.07730041057058801
527,nixie,1,0.16216216216216217,-0.07730041057058801
528,autohotkeyrc,0,0.21739130434782608,-0.07730041057058801
529,PyNotebooks,6,0.29069767441860467,-0.07730041057058801
530,sf,1,0.27450980392156865,-0.07730041057058801
531,pad-phreak,0,0.5,-0.07730041057058801
532,ncl-read_grads,3,0.5,-0.07730041057058801
533,cuda,20,0.47844827586206895,-0.07730041057058801
534,intranet-idea-management,0,0.2552083333333333,-0.07730041057058801
535,intranet-hr,1,0.13291139240506328,-0.07730041057058801
536,intranet-reporting-tutorial,1,0.1021505376344086,-0.07730041057058801
537,rcv,0,0.32653061224489793,-0.07730041057058801
538,intranet-timesheet2-task-popup,0,0.10743801652892562,-0.07730041057058801
539,intranet-xmlrpc,0,0.09574468085106383,-0.07730041057058801
540,intranet-workflow,1,0.25769230769230766,-0.07730041057058801
541,ly-crx,0,0.12643678160919541,-0.07730041057058801
542,ChainedVectors.jl,3,0.176056338028169,-0.07730041057058801
543,screenshoot.ahk,2,0.28,-0.07730041057058801
544,HDFS.jl,9,0.22483221476510068,-0.07730041057058801
545,Analytics.Monkey,2,0.325,-0.07730041057058801
546,getcwd,2,0.30357142857142855,-0.07730041057058801
547,cmd,1,0.26,-0.07730041057058801
548,childes-pos,4,0.07547169811320754,-0.07730041057058801
549,Demo,0,0.0,-0.07730041057058801
550,prot-redis,4,0.34,-0.07730041057058801
551,forth-exercises,1,0.05714285714285714,-0.07730041057058801
552,3Dthings,3,0.18446601941747573,-0.07730041057058801
553,VizDiamonds,0,0.0847457627118644,-0.07730041057058801
554,PTools.jl,6,0.056195965417867436,-0.07730041057058801
555,xotcl-core,1,0.17391304347826086,-0.07730041057058801
556,grlib,6,,-0.07730041057058801
557,food_circles,14,0.375,-0.07730041057058801
558,owl-toolkit,5,0.17475728155339804,-0.07730041057058801
559,rsk,0,0.23134328358208955,-0.07730041057058801
560,Dynare.jl,10,0.14640883977900554,-0.07730041057058801
561,pydot-py3,0,0.014716187806587245,-0.07730041057058801
562,sbol,4,0.14893617021276595,-0.07730041057058801
563,rascal,1,0.1308016877637131,-0.07730041057058801
564,mac-taskpaper,21,0.0,-0.07730041057058801
565,Tilers,0,0.17708333333333334,-0.07730041057058801
566,delvj,5,0.09689922480620156,-0.07730041057058801
567,testGit,0,0.08823529411764706,-0.07730041057058801
568,rpieffectbox,30,0.05539358600583091,-0.07730041057058801
569,pca-supernovae,0,0.5641025641025641,-0.07730041057058801
570,outlook-to-asana,3,0.23577235772357724,-0.07730041057058801
571,crowdsourcing-class.github.io,15,0.18354430379746836,-0.07730041057058801
572,rust-game,0,0.15568862275449102,-0.07730041057058801
573,ooc-allegro5,0,0.20588235294117646,-0.07730041057058801
574,delphi-json,29,0.2169811320754717,-0.07730041057058801
575,dprokop.github.io,0,0.9411764705882353,-0.07730041057058801
576,curiosity,1,0.05622489959839357,-0.07730041057058801
577,test-pkg,0,0.39285714285714285,-0.07730041057058801
578,rust-fmt,1,0.22999999999999998,-0.07730041057058801
579,DLReminder,0,0.07647058823529412,-0.07730041057058801
580,HorizontalPicker,23,0.0,-0.07730041057058801
581,sawfish-pager,4,0.08677685950413223,-0.07730041057058801
582,LOLAutoCallPick,1,0.10714285714285715,-0.07730041057058801
583,protobuf,1,0.038910505836575876,-0.07730041057058801
584,TableTopMaps,0,0.34782608695652173,-0.07730041057058801
585,Bomberman,0,0.22676579925650558,-0.07730041057058801
586,notes,2,0.125,-0.07730041057058801
587,AppleScripts,20,0.1596244131455399,-0.07730041057058801
588,Webframework-IO-Module,0,0.2704918032786885,-0.07730041057058801
589,logi-projects,51,0.26223776223776224,-0.07730041057058801
590,urweb,57,0.10371517027863777,-0.07730041057058801
591,psyche,0,0.13302752293577982,-0.07730041057058801
592,aggpasmod,2,0.7077922077922078,-0.07730041057058801
593,crowdstar-graphs,0,0.136,-0.07730041057058801
594,cornerCountdown,0,0.034482758620689655,-0.07730041057058801
595,popgen,0,0.5,-0.07730041057058801
596,PureDataStepSequencer,3,0.25925925925925924,-0.07730041057058801
597,GW2CM,0,0.3888888888888889,-0.07730041057058801
598,mimosalib,3,0.24678111587982832,-0.07730041057058801
599,PureData-TouchOSC-example,1,,-0.07730041057058801
600,eigendrums,0,0.4166666666666667,-0.07730041057058801
601,netimpacthack,0,0.125,-0.07730041057058801
602,hackspd,0,0.4,-0.07730041057058801
603,mage-reset,19,0.22959183673469388,-0.07730041057058801
604,Force.com-Hackathon,1,0.09230769230769231,-0.07730041057058801
605,SimpleML.jl,2,0.4166666666666667,-0.07730041057058801
606,THEGame,0,0.2387755102040816,-0.07730041057058801
607,easy-alt,0,0.12432432432432433,-0.07730041057058801
608,glslRiftDistort,7,0.11231884057971014,-0.07730041057058801
609,introducing-elixir,27,0.11797752808988764,-0.07730041057058801
610,poxa,90,0.22474747474747475,-0.07730041057058801
611,awk_examples,1,0.5,-0.07730041057058801
612,drabiter.github.io,0,0.078125,-0.07730041057058801
613,SchoolWork,0,0.14736842105263157,-0.07730041057058801
614,bachelor-thesis,1,0.1282051282051282,-0.07730041057058801
615,WINAssist,3,0.22535211267605634,-0.07730041057058801
616,mathhelper,0,0.37815126050420167,-0.07730041057058801
617,Pocket_AVR_Programmer,129,0.15000000000000002,-0.07730041057058801
618,tomcat-instance-manager,4,0.017543859649122806,-0.07730041057058801
619,algorithm,0,0.4166666666666667,-0.07730041057058801
620,led-wordclock,5,0.1717325227963526,-0.07730041057058801
621,rustfftw,1,0.0625,-0.07730041057058801
622,treegrep,0,0.265625,-0.07730041057058801
623,must,0,0.2064516129032258,-0.07730041057058801
624,VRL-Sunflow,1,0.0,-0.07730041057058801
625,amnesia,70,0.14285714285714285,-0.07730041057058801
626,Ratings31,3,0.023529411764705882,-0.07730041057058801
627,libgdx-particles,13,0.30729166666666663,-0.07730041057058801
628,tile-windows,0,0.21031746031746032,-0.07730041057058801
629,kaggle-titanic,666,0.2605633802816901,-0.07730041057058801
630,tmux-config,0,0.05,-0.07730041057058801
631,TFC,0,0.0,-0.07730041057058801
632,rust-challenge,0,0.3888888888888889,-0.07730041057058801
633,Round-House-Helper,0,0.2064102564102564,-0.07730041057058801
634,Hotbox-Helper,0,0.3008849557522124,-0.07730041057058801
635,around-zero,0,,-0.07730041057058801
636,posixvala,7,0.32857142857142857,-0.07730041057058801
637,uptide,7,0.11513157894736842,-0.07730041057058801
638,MandelbrotSet-CUDA,0,0.10185185185185185,-0.07730041057058801
639,concrete-summaries,0,0.2675438596491228,-0.07730041057058801
640,monomodular,8,0.22340425531914893,-0.07730041057058801
641,jtagulator,78,0.015605875152998775,-0.07730041057058801
642,applescripts,0,0.08418367346938775,-0.07730041057058801
643,FF_COM,0,,-0.07730041057058801
644,Pcb-parts,1,0.34210526315789475,-0.07730041057058801
645,random_scripts,0,0.37142857142857144,-0.07730041057058801
646,espacosp,0,0.31553398058252424,-0.07730041057058801
647,kara-files,0,0.38888888888888884,-0.07730041057058801
648,MD_workflow,0,0.2909090909090909,-0.07730041057058801
649,file_mover,3,0.07740585774058577,-0.07730041057058801
650,nginx.conf,1,0.4864864864864865,-0.07730041057058801
651,DUnitX,171,0.08766233766233766,-0.07730041057058801
652,live-config,0,0.16158536585365854,-0.07730041057058801
653,pharo-compat,0,0.20353982300884954,-0.07730041057058801
654,Phexample,0,0.2719665271966527,-0.07730041057058801
655,elixir-tor,0,0.2857142857142857,-0.07730041057058801
656,foobarforce,3,0.019704433497536946,-0.07730041057058801
657,STUDENT-TUT,0,0.4473684210526316,-0.07730041057058801
658,GmailCode,0,0.5,-0.07730041057058801
659,simulator-x,3,0.21710526315789475,-0.07730041057058801
660,project--procmail-lib,0,0.5904255319148937,-0.07730041057058801
661,ArcadeGameSelector,5,0.15568862275449102,-0.07730041057058801
662,novaha-bro-training,4,0.4444444444444444,-0.07730041057058801
663,prismo,1,0.19565217391304346,-0.07730041057058801
664,TriggerX,19,0.12987012987012986,-0.07730041057058801
665,elixir-socket,113,0.049707602339181284,-0.07730041057058801
666,rust-recursive-descent-regex-parser,1,0.5,-0.07730041057058801
667,Clock2,4,0.19724770642201836,-0.07730041057058801
668,idris-type-providers,6,0.08163265306122448,-0.07730041057058801
669,TestXsd,0,0.2857142857142857,-0.07730041057058801
670,Play-Push,2,0.1717171717171717,-0.07730041057058801
671,CeylonGranny,0,0.061946902654867256,-0.07730041057058801
672,conference,2,0.15469613259668508,-0.07730041057058801
673,string-match,0,0.3006535947712418,-0.07730041057058801
674,360sun_maps,0,0.0625,-0.07730041057058801
675,Web-App-MVC,4,0.1726027397260274,-0.07730041057058801
676,panakeia,2,0.14189189189189189,-0.07730041057058801
677,rustbot,0,0.36666666666666664,-0.07730041057058801
678,Enterprise_Boilerplate,2,0.17289719626168223,-0.07730041057058801
679,sp-pd,0,0.2222222222222222,-0.07730041057058801
680,hol-light,1,0.2382642261237704,-0.07730041057058801
681,MonsterOS,0,0.05202821869488536,-0.07730041057058801
682,supersongs,0,0.15789473684210525,-0.07730041057058801
683,og-cs,3,0.19591527987897125,-0.07730041057058801
684,shamine,0,0.3142857142857143,-0.07730041057058801
685,DP,0,0.32666666666666666,-0.07730041057058801
686,perl6-CSS-Drafts,0,0.14835164835164835,-0.07730041057058801
687,SynchroVideo,1,0.22950819672131148,-0.07730041057058801
688,shadertoy,1,0.375,-0.07730041057058801
689,imp_biological_systems,2,0.042483660130718956,-0.07730041057058801
690,forjar,3,0.16417910447761194,-0.07730041057058801
691,Latex.bbpackage,7,0.13414634146341464,-0.07730041057058801
692,WrapToColumn,8,0.07205240174672489,-0.07730041057058801
693,rust-sched-bench,0,0.2857142857142857,-0.07730041057058801
694,FactCheck.jl,36,0.3173076923076923,-0.07730041057058801
695,rust-rbtree,0,0.1590909090909091,-0.07730041057058801
696,rust-echo-server,1,0.8,-0.07730041057058801
697,Scala-Algorithms,0,0.4046242774566474,-0.07730041057058801
698,gpvlib,0,0.36619718309859156,-0.07730041057058801
699,hl2-hud-editor,0,0.36363636363636365,-0.07730041057058801
700,hl2-toolkit,1,0.21428571428571427,-0.07730041057058801
701,steam-toolkit,1,0.375,-0.07730041057058801
702,finalterm,190,0.10275689223057644,-0.07730041057058801
703,haxelib-xml-to-json,1,0.48214285714285715,-0.07730041057058801
704,monkeyspine,5,0.1459016393442623,-0.07730041057058801
705,mediawerf_game,3,0.5333333333333333,-0.07730041057058801
706,xoos,1,0.03909465020576132,-0.07730041057058801
707,pellet,146,0.2566844919786096,-0.07730041057058801
708,w3id.org,798,0.43564356435643564,-0.07730041057058801
709,rsg-SML,0,0.23076923076923078,-0.07730041057058801
710,megalib,21,0.23595505617977527,-0.07730041057058801
711,verapp-cmake,1,0.2,-0.07730041057058801
712,csp-enque,0,0.08130081300813008,-0.07730041057058801
713,ddbmodel,5,0.20270270270270271,-0.07730041057058801
714,async-ada,3,0.19327731092436976,-0.07730041057058801
715,pocket_corr,1,,-0.07730041057058801
716,ScratchMonkey,22,0.5,-0.07730041057058801
717,sdf,9,0.4642857142857143,-0.07730041057058801
718,vhdl,1,0.21830985915492956,-0.07730041057058801
719,PBL,0,0.01238390092879257,-0.07730041057058801
720,WingsProvenanceExport,0,0.03783783783783784,-0.07730041057058801
721,ssbench-wrapper,1,0.09090909090909091,-0.07730041057058801
722,KaraGenerate,0,0.2681159420289855,-0.07730041057058801
723,grainBox,0,0.14285714285714285,-0.07730041057058801
724,wis-report,0,0.2549019607843137,-0.07730041057058801
725,matlabmag,0,0.3,-0.07730041057058801
726,abap,6,0.026737967914438502,-0.07730041057058801
727,re-demexp,0,0.18719211822660098,-0.07730041057058801
728,of-task-actions,9,0.39622641509433965,-0.07730041057058801
729,Codigos,2,0.025,-0.07730041057058801
730,mongo4delphi,10,0.14728682170542637,-0.07730041057058801
731,edu.gatech.mbse.mdsysmlmodelica,5,0.0,-0.07730041057058801
732,Structural_Tab,2,0.10810810810810811,-0.07730041057058801
733,sourcemod-assister-dominations,0,0.20588235294117646,-0.07730041057058801
734,vvvv-modules,0,0.20588235294117646,-0.07730041057058801
735,Modelica_DeviceDrivers,24,0.31645569620253167,-0.07730041057058801
736,vga_test,0,0.38636363636363635,-0.07730041057058801
737,XML.jl,2,0.12857142857142856,-0.07730041057058801
738,rust-asm-demo,0,0.5,-0.07730041057058801
739,MathematicalPhysics,13,0.1320754716981132,-0.07730041057058801
740,package-ls,0,0.425,-0.07730041057058801
741,kp-korora-backgrounds,0,0.574468085106383,-0.07730041057058801
742,StriatalSpinyProjectionNeuron,2,0.475,-0.07730041057058801
743,matcher4cl,1,0.5270270270270271,-0.07730041057058801
744,BookSourceCode,13,0.041666666666666664,-0.07730041057058801
745,shopify-birthday-suit,54,0.044444444444444446,-0.07730041057058801
746,digital-modul-m,2,0.1271186440677966,-0.07730041057058801
747,ImageView.jl,32,0.0741869918699187,-0.07730041057058801
748,MGR,0,0.38095238095238093,-0.07730041057058801
749,meta-clutter,0,0.1717557251908397,-0.07730041057058801
750,Progress-Study-Calendar,0,0.7777777777777778,-0.07730041057058801
751,transmittance,0,0.11585365853658536,-0.07730041057058801
752,faad2,0,0.2,-0.07730041057058801
753,testrepo,0,,-0.07730041057058801
754,cryptocades,2,0.5789473684210527,-0.07730041057058801
755,lab_turbulence,2,0.2767857142857143,-0.07730041057058801
756,PrettifyRebol,6,0.25225225225225223,-0.07730041057058801
757,QuarterMaster,4,0.3137254901960784,-0.07730041057058801
758,neuf,0,0.23333333333333334,-0.07730041057058801
759,VistA-M,33,0.10990956505095938,-0.07730041057058801
760,meta-webos-backports,2,0.3419773095623987,-0.07730041057058801
761,ccs-anadroid,4,0.25,-0.07730041057058801
762,noise_interface,0,0.36752136752136755,-0.07730041057058801
763,l4d2-addons,2,0.0625,-0.07730041057058801
764,OkGo,3,0.07122507122507123,-0.07730041057058801
765,piracontroller,0,0.09259259259259259,-0.07730041057058801
766,uber-scripts,50,0.16463414634146342,-0.07730041057058801
767,shanzhashu,1,0.3068181818181818,-0.07730041057058801
768,winscp,21,0.8421052631578947,-0.07730041057058801
769,News-YC---iPhone,156,0.08625730994152046,-0.07730041057058801
770,focal,0,0.2653061224489796,-0.07730041057058801
771,vngrape,0,0.1518987341772152,-0.07730041057058801
772,LAMobileDevWeek2013,0,0.024390243902439025,-0.07730041057058801
773,popgen-notes,101,0.0,-0.07730041057058801
774,corpcrawl,0,0.1111111111111111,-0.07730041057058801
775,vih_employees,0,0.2642857142857143,-0.07730041057058801
776,vih_lectures,0,0.16666666666666666,-0.07730041057058801
777,vih_subjects,0,0.3472222222222222,-0.07730041057058801
778,vih_participant_quotes,0,0.19117647058823528,-0.07730041057058801
779,gnuplot-colorbrewer,46,0.0673758865248227,-0.07730041057058801
780,pengo-papiliopro,0,0.36,-0.07730041057058801
781,tfbayes,1,0.2,-0.07730041057058801
782,rlg,0,,-0.07730041057058801
783,MISHAP,0,0.3170731707317073,-0.07730041057058801
784,andersonaap.github.io,0,0.2222222222222222,-0.07730041057058801
785,firstrepository,1,0.0,-0.07730041057058801
786,pbi,18,0.13114754098360656,-0.07730041057058801
787,ploy,0,0.32,-0.07730041057058801
788,Projet-MODAL-SNA,0,0.05058365758754864,-0.07730041057058801
789,Podder,0,0.39814814814814814,-0.07730041057058801
790,meta-gir,9,0.0661764705882353,-0.07730041057058801
791,IdleLogout,4,0.37777777777777777,-0.07730041057058801
792,CUDA,10,0.4782608695652174,-0.07730041057058801
793,vMIPS,1,0.391304347826087,-0.07730041057058801
794,puremvc-delphi-standard-framework,14,0.006954793840039742,-0.07730041057058801
795,tcl-simple-templater,3,0.23134328358208955,-0.07730041057058801
796,cs,0,0.15979381443298968,-0.07730041057058801
797,Racers-Alternate-Installer,2,0.17350746268656717,-0.07730041057058801
798,polartide,0,0.18992248062015504,-0.07730041057058801
799,gmatrix,5,0.07857142857142857,-0.07730041057058801
800,pram.github.io,0,0.40625,-0.07730041057058801
801,compmusstuff,0,0.0,-0.07730041057058801
802,omgrofl-examples,1,0.4090909090909091,-0.07730041057058801
803,Quantum,0,0.37142857142857144,-0.07730041057058801
804,QlockToo,1,0.19047619047619047,-0.07730041057058801
805,FFmpegM,1,0.2909090909090909,-0.07730041057058801
806,Cinema4D-Helpers,2,0.0425531914893617,-0.07730041057058801
807,orgafoo,3,0.11020408163265306,-0.07730041057058801
808,Adafruit-Flora-Mainboard,6,0.24324324324324326,-0.07730041057058801
809,wikiduper,2,0.1021505376344086,-0.07730041057058801
810,xbian-package-lirc,2,0.0713276836158192,-0.07730041057058801
811,riak-librarian,2,0.1393939393939394,-0.07730041057058801
812,VSoft.WeakReferences,12,0.125,-0.07730041057058801
813,edith,8,0.19191919191919193,-0.07730041057058801
814,Rebol2,5,0.5614035087719298,-0.07730041057058801
815,Seven-Languages-Caesar-Cipher,0,0.0,-0.07730041057058801
816,mtgo-trade_helper,0,0.0,-0.07730041057058801
817,gist,0,0.4516129032258065,-0.07730041057058801
818,zedboard,3,0.16666666666666666,-0.07730041057058801
819,upload.mantidproject.org,0,0.2783018867924528,-0.07730041057058801
820,LoomSnake,0,0.22727272727272727,-0.07730041057058801
821,ply,0,0.18292682926829268,-0.07730041057058801
822,textual-scripts,4,0.10150375939849623,-0.07730041057058801
823,blg-tool,1,0.17857142857142858,-0.07730041057058801
824,isbl,1,0.15384615384615385,-0.07730041057058801
825,baseflight-tool,2,0.2631578947368421,-0.07730041057058801
826,phd-thesis,2,0.07547169811320754,-0.07730041057058801
827,nixconfs,0,0.12021857923497267,-0.07730041057058801
828,mark,0,0.1911764705882353,-0.07730041057058801
829,quard,0,0.32558139534883723,-0.07730041057058801
830,rust-rand,2,0.33707865168539325,-0.07730041057058801
831,LibExpat.jl,32,0.265625,-0.07730041057058801
832,portablelistings,0,0.15151515151515152,-0.07730041057058801
833,BeagleDancer,3,0.3620689655172414,-0.07730041057058801
834,ShadowDB,1,0.3111111111111111,-0.07730041057058801
835,ancel-search-tool,1,0.24210526315789474,-0.07730041057058801
836,windowpad-win,0,0.5,-0.07730041057058801
837,gaxb,3,0.3672566371681416,-0.07730041057058801
838,sib-google-spreadsheet-validator,0,0.2446808510638298,-0.07730041057058801
839,eagle,4,0.08776595744680851,-0.07730041057058801
840,pak128,3,0.09598214285714285,-0.07730041057058801
841,omnifocus_scripts,0,0.07874015748031496,-0.07730041057058801
842,garfield,0,0.2871287128712871,-0.07730041057058801
843,concrete,2,0.27070063694267515,-0.07730041057058801
844,sfrmaker,0,0.1393643031784841,-0.07730041057058801
845,shesme,0,0.1388888888888889,-0.07730041057058801
846,babygnusbuino,2,0.19811320754716982,-0.07730041057058801
847,bro-experiments,0,0.22352941176470587,-0.07730041057058801
848,Quaternions.jl,1,0.5431034482758621,-0.07730041057058801
849,seminars,5,0.31683168316831684,-0.07730041057058801
850,HookieDatReader,2,0.1592920353982301,-0.07730041057058801
851,parseregs,1,0.5,-0.07730041057058801
852,sideproject,0,0.18992248062015504,-0.07730041057058801
853,XML-API,23,0.12048192771084337,-0.07730041057058801
854,naep,1,,-0.07730041057058801
855,fpps,0,0.3979591836734694,-0.07730041057058801
856,GoogleDocs,0,0.2846153846153846,-0.07730041057058801
857,postscript-schedulegrid,0,0.2218543046357616,-0.07730041057058801
858,xsrss,0,0.1649214659685864,-0.07730041057058801
859,introduction-to-functional-programming,0,0.46153846153846156,-0.07730041057058801
860,ahk,0,0.5,-0.07730041057058801
861,android_device_rockchip_rk30board,4,0.5636363636363636,-0.07730041057058801
862,osvvm,1,0.5,-0.07730041057058801
863,fsmlock,1,,-0.07730041057058801
864,CPU,0,0.29729729729729726,-0.07730041057058801
865,SML-Lint,5,0.23076923076923078,-0.07730041057058801
866,pd-skratchpad,0,0.26190476190476186,-0.07730041057058801
867,rook,1,0.1935483870967742,-0.07730041057058801
868,DayFolder,0,0.581081081081081,-0.07730041057058801
869,Future-Q,0,0.09653465346534654,-0.07730041057058801
870,ijitsuki,4,0.10572139303482586,-0.07730041057058801
871,Slic3r-Droplet-for-OSX,1,0.21333333333333335,-0.07730041057058801
872,halloween,0,0.14285714285714285,-0.07730041057058801
873,Pascal,0,0.6111111111111112,-0.07730041057058801
874,PasteIt,5,0.049707602339181284,-0.07730041057058801
875,EnumeratingTheRationals,0,0.19852941176470587,-0.07730041057058801
876,HackME,1,0.5833333333333334,-0.07730041057058801
877,lazyfoo,0,0.1927710843373494,-0.07730041057058801
878,faust-pd-modalbar-bells,0,0.18656716417910446,-0.07730041057058801
879,wifire16,3,0.16822429906542055,-0.07730041057058801
880,linearscan.rs,3,0.43478260869565216,-0.07730041057058801
881,learning-clips,0,0.36666666666666664,-0.07730041057058801
882,heroku-buildpack-apache,22,0.125,-0.07730041057058801
883,simple-cpu-sensor,2,0.23711340206185566,-0.07730041057058801
884,struktura,0,0.14705882352941177,-0.07730041057058801
885,gochan,0,0.4716981132075472,-0.07730041057058801
886,MoMo-Firmware,6,0.09850374064837905,-0.07730041057058801
887,dynamo_heroku_demo,0,,-0.07730041057058801
888,AlfredWorkflows,2,0.14788732394366197,-0.07730041057058801
889,IsingModels.jl,2,0.2222222222222222,-0.07730041057058801
890,PLX.jl,6,0.11813186813186813,-0.07730041057058801
891,sc-learningCurve,0,0.07692307692307693,-0.07730041057058801
892,brwvs-opensource,0,0.09923664122137404,-0.07730041057058801
893,util_scripts,0,0.2972972972972973,-0.07730041057058801
894,iorm,2,0.1111111111111111,-0.07730041057058801
895,Text-IO-DCPU-16,0,0.1875,-0.07730041057058801
896,hxDelaunay,1,0.38095238095238093,-0.07730041057058801
897,vhdlmodules,0,0.12345679012345678,-0.07730041057058801
898,RB-MC-rcon,1,0.5,-0.07730041057058801
899,rustic_cells,0,0.0738255033557047,-0.07730041057058801
900,CloudRecruit,0,1.0,-0.07730041057058801
901,picade,4,0.09108527131782945,-0.07730041057058801
902,wibble,1,0.27624309392265195,-0.07730041057058801
903,xml,4,0.17627118644067796,-0.07730041057058801
904,activities,0,0.5,-0.07730041057058801
905,arraylist,1,0.6666666666666667,-0.07730041057058801
906,funcs,0,0.3953488372093023,-0.07730041057058801
907,stringbuffer,0,1.0,-0.07730041057058801
908,vrope,1,0.5,-0.07730041057058801
909,DictUtils.jl,2,0.14942528735632182,-0.07730041057058801
910,Papers,4,0.4191176470588235,-0.07730041057058801
911,get-me-started-with,0,0.0736196319018405,-0.07730041057058801
912,callbacks,1,0.5,-0.07730041057058801
913,sortablelist,0,0.5,-0.07730041057058801
914,sublimetext-markup-jira-confluence,14,0.15492957746478872,-0.07730041057058801
915,wr-rf-demo,1,0.33035714285714285,-0.07730041057058801
916,fancy_irc,1,0.24427480916030533,-0.07730041057058801
917,arpie,22,0.1611111111111111,-0.07730041057058801
918,scalaCoursera,0,,-0.07730041057058801
919,ease,95,0.09902200488997555,-0.07730041057058801
920,pd-kinect-skeleton,3,0.48936170212765956,-0.07730041057058801
921,rpgkeeper,4,0.24074074074074073,-0.07730041057058801
922,zeek-cryptomining,8,0.05887372013651877,-0.07730041057058801
923,vector-entailment,24,0.08620689655172414,-0.07730041057058801
924,sourcemod-force-domination-quotes,0,0.37755102040816324,-0.07730041057058801
925,XpressoSmoothie,6,0.10726072607260725,-0.07730041057058801
926,Pure-Data,5,0.03599221789883268,-0.07730041057058801
927,UniMapper,0,0.14285714285714285,-0.07730041057058801
928,Apex-Util,4,0.19613259668508287,-0.07730041057058801
929,JudyDicts.jl,3,0.2631578947368421,-0.07730041057058801
930,qtgraphicaleffects,30,0.07939632545931759,-0.07730041057058801
931,SongRedux,0,0.08,-0.07730041057058801
932,accounts-receivables,0,0.5128205128205128,-0.07730041057058801
933,qtdoc,33,0.12021589793915603,-0.07730041057058801
934,qtquickcontrols,43,0.1167979002624672,-0.07730041057058801
935,qtwebkit-examples,15,0.23389830508474577,-0.07730041057058801
936,meta-hipos-kirkwood,0,0.25992779783393505,-0.07730041057058801
937,fpga_sandbox,1,0.29577464788732394,-0.07730041057058801
938,Cup-demo,3,0.6818181818181818,-0.07730041057058801
939,sample-http,2,0.2857142857142857,-0.07730041057058801
940,VSSetting,0,0.17857142857142858,-0.07730041057058801
941,laser_lipo,0,0.375,-0.07730041057058801
942,wmb_lib,1,0.016129032258064516,-0.07730041057058801
943,User_Configurable_Gui,0,0.3939393939393939,-0.07730041057058801
944,tdbo,0,0.1488095238095238,-0.07730041057058801
945,L4D2-Random,5,0.24479166666666669,-0.07730041057058801
946,MTCF-client,1,0.20833333333333334,-0.07730041057058801
947,arraysorter,2,0.25,-0.07730041057058801
948,moona,0,0.38461538461538464,-0.07730041057058801
949,iai_maps,36,0.23793103448275862,-0.07730041057058801
950,henryhadlow.github.io,0,0.34782608695652173,-0.07730041057058801
951,openonderwijs-csv,0,0.136986301369863,-0.07730041057058801
952,kotlin_web_demo,0,,-0.07730041057058801
953,inventory-control,0,0.15789473684210525,-0.07730041057058801
954,staff-allocation,0,0.07482993197278912,-0.07730041057058801
955,Xtend-examples,2,0.6,-0.07730041057058801
956,test2,0,0.7380952380952381,-0.07730041057058801
957,brics_actuator,8,0.5,-0.07730041057058801
958,TrackTrigger,1,0.2413793103448276,-0.07730041057058801
959,nalgebra,333,0.09417040358744394,-0.07730041057058801
960,RelaParSim,0,0.6307692307692307,-0.07730041057058801
961,Run-in-Terminal-Bundle,1,0.3157894736842105,-0.07730041057058801
962,ct4s,0,0.4347826086956522,-0.07730041057058801
963,Grammars,0,0.15048543689320387,-0.07730041057058801
964,stanford_manage_content,1,0.24561403508771928,-0.07730041057058801
965,libgd-vala-samples,0,0.2666666666666667,-0.07730041057058801
966,gcxchk,0,0.6060606060606061,-0.07730041057058801
967,udk02-Audiovisual_Programming,0,0.26190476190476186,-0.07730041057058801
968,udk09-Bits_and_Pieces,3,0.2857142857142857,-0.07730041057058801
969,stanford_publication,1,0.15311004784688997,-0.07730041057058801
970,cu_forward,3,0.019366197183098594,-0.07730041057058801
971,alfred-convert-word-to-pdf,3,0.33783783783783783,-0.07730041057058801
972,Kenwood-TS-680S-Adapter,0,0.10869565217391304,-0.07730041057058801
973,Datapath_Struct_Behav,0,0.48326898326898327,-0.07730041057058801
974,DThree.jl,10,0.2962962962962963,-0.07730041057058801
975,git2-rs,1,0.20481927710843373,-0.07730041057058801
976,ImageConvolve,0,0.07590759075907591,-0.07730041057058801
977,excalit,2,0.25333333333333335,-0.07730041057058801
978,agile-flipr,3,0.6818181818181818,-0.07730041057058801
979,tinyutils,3,0.16891891891891891,-0.07730041057058801
980,world,0,0.3333333333333333,-0.07730041057058801
981,vih_stories,0,0.20918367346938777,-0.07730041057058801
982,dbe-mechanical,0,0.4230769230769231,-0.07730041057058801
983,config,0,0.09935897435897437,-0.07730041057058801
984,puppet-xinetd,0,0.38053097345132747,-0.07730041057058801
985,indesign-helper-scripts,0,0.4861111111111111,-0.07730041057058801
986,indesign-InDDB-tool,1,0.211864406779661,-0.07730041057058801
987,audacious-installer,1,0.5,-0.07730041057058801
988,acrobat-OptiReader,0,0.10317460317460317,-0.07730041057058801
989,C,0,0.2,-0.07730041057058801
990,publ,2,0.19672131147540983,-0.07730041057058801
991,udk03-Audiovisual_Programming,0,0.5416666666666666,-0.07730041057058801
992,udk04-Audiovisual_Programming,0,0.48717948717948717,-0.07730041057058801
993,udk05-Audiovisual_Performance_Systems,0,0.3684210526315789,-0.07730041057058801
994,calculator,0,0.07360406091370558,-0.07730041057058801
